mean_fit_time,std_fit_time,mean_score_time,std_score_time,param_colsample_bytree,param_learning_rate,param_max_depth,param_n_estimators,param_subsample,params,split0_test_score,split1_test_score,split2_test_score,mean_test_score,std_test_score,rank_test_score
0.2208714485168457,0.04496113329315369,0.02415021260579427,0.021383953116965122,0.8,0.01,3,50,0.8,"{'colsample_bytree': 0.8, 'learning_rate': 0.01, 'max_depth': 3, 'n_estimators': 50, 'subsample': 0.8}",0.4043365143610467,0.34715406765983925,0.31913535791680714,0.3568753133125644,0.0354559466346565,104
0.1969877084096273,0.0348955765418137,0.009394248326619467,0.00023892232870633938,0.8,0.01,3,50,1.0,"{'colsample_bytree': 0.8, 'learning_rate': 0.01, 'max_depth': 3, 'n_estimators': 50, 'subsample': 1.0}",0.3947470503025675,0.351536110939374,0.3225452248591941,0.35627612870037856,0.029666217887464968,105
0.3470289707183838,0.076984119730433,0.02102065086364746,0.011510488823968566,0.8,0.01,3,100,0.8,"{'colsample_bytree': 0.8, 'learning_rate': 0.01, 'max_depth': 3, 'n_estimators': 100, 'subsample': 0.8}",0.5741404430007324,0.5064098867149384,0.4720672492425675,0.5175391929860794,0.04240778477713429,90
0.3778471151987712,0.08863380115917241,0.008638620376586914,0.00022470222742974216,0.8,0.01,3,100,1.0,"{'colsample_bytree': 0.8, 'learning_rate': 0.01, 'max_depth': 3, 'n_estimators': 100, 'subsample': 1.0}",0.5661010073251176,0.5072203725673603,0.46538807689762307,0.512903152263367,0.04131177457358735,93
0.8104399045308431,0.15739168524387437,0.021949927012125652,0.01320936646435029,0.8,0.01,3,200,0.8,"{'colsample_bytree': 0.8, 'learning_rate': 0.01, 'max_depth': 3, 'n_estimators': 200, 'subsample': 0.8}",0.6802601067247234,0.6279300088140924,0.5920113192014929,0.6334004782467696,0.03623448313131624,58
0.5686741669972738,0.022931763407843433,0.011007865269978842,0.002846190371583008,0.8,0.01,3,200,1.0,"{'colsample_bytree': 0.8, 'learning_rate': 0.01, 'max_depth': 3, 'n_estimators': 200, 'subsample': 1.0}",0.6779080043186365,0.6336533949504526,0.5802162843993408,0.6305925612228099,0.03994116141299795,59
0.4350016911824544,0.08869569922234703,0.008786360422770182,0.0005852984094847428,0.8,0.01,5,50,0.8,"{'colsample_bytree': 0.8, 'learning_rate': 0.01, 'max_depth': 5, 'n_estimators': 50, 'subsample': 0.8}",0.41489349095310557,0.3742421056332179,0.3123842678598807,0.3671732881487347,0.042146659339864154,102
0.5773963133494059,0.0475673475637337,0.017586310704549152,0.007538011414656577,0.8,0.01,5,50,1.0,"{'colsample_bytree': 0.8, 'learning_rate': 0.01, 'max_depth': 5, 'n_estimators': 50, 'subsample': 1.0}",0.4181910280234349,0.39933147147701553,0.30769965188067083,0.3750740504603738,0.04825904340994479,97
0.726743221282959,0.014273382107481941,0.008864164352416992,0.0001862233784073296,0.8,0.01,5,100,0.8,"{'colsample_bytree': 0.8, 'learning_rate': 0.01, 'max_depth': 5, 'n_estimators': 100, 'subsample': 0.8}",0.5846658023385306,0.5399889766114874,0.46998810403830715,0.531547627662775,0.04719594545378317,86
0.9695583979288737,0.1350900378084678,0.01975282033284505,0.007948258032955048,0.8,0.01,5,100,1.0,"{'colsample_bytree': 0.8, 'learning_rate': 0.01, 'max_depth': 5, 'n_estimators': 100, 'subsample': 1.0}",0.5870672903191305,0.5596405506520636,0.45645105285601695,0.5343862979424037,0.056234528729821286,85
1.742747704188029,0.25745605504007846,0.016079187393188477,0.008480161334136744,0.8,0.01,5,200,0.8,"{'colsample_bytree': 0.8, 'learning_rate': 0.01, 'max_depth': 5, 'n_estimators': 200, 'subsample': 0.8}",0.6847298901957468,0.6467370047126488,0.5891826496903578,0.6402165148662512,0.03927854701085902,52
1.4758497873942058,0.06825381846125635,0.009070078531901041,0.00011723413247733129,0.8,0.01,5,200,1.0,"{'colsample_bytree': 0.8, 'learning_rate': 0.01, 'max_depth': 5, 'n_estimators': 200, 'subsample': 1.0}",0.6785791975096089,0.6449608167301382,0.5802375030954632,0.6345925057784034,0.04081175173121261,56
0.9438924789428711,0.09957929598165152,0.019537607828776043,0.010662861574752899,0.8,0.01,7,50,0.8,"{'colsample_bytree': 0.8, 'learning_rate': 0.01, 'max_depth': 7, 'n_estimators': 50, 'subsample': 0.8}",0.4179373622750485,0.3771959666358784,0.312011450897408,0.3690482599361116,0.04362616583844307,100
0.8130170504252116,0.0645849434614138,0.011390129725138346,0.003153317194996304,0.8,0.01,7,50,1.0,"{'colsample_bytree': 0.8, 'learning_rate': 0.01, 'max_depth': 7, 'n_estimators': 50, 'subsample': 1.0}",0.4209638642999183,0.3669327197509292,0.3030343010983816,0.3636436283830764,0.048200685062530474,103
1.5848191579182942,0.3271584666232222,0.009446938832600912,0.00013930411269704785,0.8,0.01,7,100,0.8,"{'colsample_bytree': 0.8, 'learning_rate': 0.01, 'max_depth': 7, 'n_estimators': 100, 'subsample': 0.8}",0.5855745165019488,0.5362408930717657,0.464387773175872,0.5287343942498621,0.04975819753513006,87
1.9022431373596191,0.19786743649214616,0.013711849848429361,0.0042748670650722105,0.8,0.01,7,100,1.0,"{'colsample_bytree': 0.8, 'learning_rate': 0.01, 'max_depth': 7, 'n_estimators': 100, 'subsample': 1.0}",0.5801339712995006,0.5196652208982595,0.4464577664746672,0.5154189862241424,0.05465561767878006,91
2.9354641437530518,0.5349184522677359,0.010352532068888346,0.00021705863949858373,0.8,0.01,7,200,0.8,"{'colsample_bytree': 0.8, 'learning_rate': 0.01, 'max_depth': 7, 'n_estimators': 200, 'subsample': 0.8}",0.6818334973288213,0.6388669089356143,0.5813331663192202,0.6340111908612185,0.04117250402694624,57
3.0004380544026694,0.16458536113928943,0.011271397272745768,0.0005135342980893047,0.8,0.01,7,200,1.0,"{'colsample_bytree': 0.8, 'learning_rate': 0.01, 'max_depth': 7, 'n_estimators': 200, 'subsample': 1.0}",0.6698536042559484,0.6156268638229017,0.5581327836916511,0.6145377505901671,0.04561633525113029,79
0.15433772404988608,0.01474227748071221,0.008249680201212565,3.6299353727916254e-05,0.8,0.1,3,50,0.8,"{'colsample_bytree': 0.8, 'learning_rate': 0.1, 'max_depth': 3, 'n_estimators': 50, 'subsample': 0.8}",0.7001454686895571,0.7001647694968003,0.6599047001254634,0.6867383127706069,0.01897423110119782,1
0.19995482762654623,0.04150781828256687,0.010025660196940104,0.001587971052150508,0.8,0.1,3,50,1.0,"{'colsample_bytree': 0.8, 'learning_rate': 0.1, 'max_depth': 3, 'n_estimators': 50, 'subsample': 1.0}",0.6853143799259442,0.6930415535061114,0.6576929224236111,0.678682951951889,0.015173734051159793,4
0.3046834468841553,0.023687769096313326,0.010313987731933594,0.0005768943698941313,0.8,0.1,3,100,0.8,"{'colsample_bytree': 0.8, 'learning_rate': 0.1, 'max_depth': 3, 'n_estimators': 100, 'subsample': 0.8}",0.6815190257546494,0.6964866787353042,0.6698212255367584,0.6826089766755707,0.010913373854388406,2
0.32794467608133954,0.04980856160951275,0.011612017949422201,0.0025694796562385014,0.8,0.1,3,100,1.0,"{'colsample_bytree': 0.8, 'learning_rate': 0.1, 'max_depth': 3, 'n_estimators': 100, 'subsample': 1.0}",0.6729368170615626,0.678927546956116,0.6664751914437447,0.6727798518204744,0.005084864338852684,15
0.5478731791178385,0.02689448092182468,0.008992274602254232,0.0002782706973773574,0.8,0.1,3,200,0.8,"{'colsample_bytree': 0.8, 'learning_rate': 0.1, 'max_depth': 3, 'n_estimators': 200, 'subsample': 0.8}",0.6694444277997922,0.6889885867597361,0.6725540564124082,0.6769956903239788,0.008574754465530363,8
0.49201520284016925,0.015996686210464,0.015548149744669596,0.009644442319536478,0.8,0.1,3,200,1.0,"{'colsample_bytree': 0.8, 'learning_rate': 0.1, 'max_depth': 3, 'n_estimators': 200, 'subsample': 1.0}",0.6597044612817252,0.6687298504671382,0.6702856420425771,0.6662399845971468,0.0046647558429401504,20
0.383461872736613,0.03748875001495518,0.014034668604532877,0.008369487686326744,0.8,0.1,5,50,0.8,"{'colsample_bytree': 0.8, 'learning_rate': 0.1, 'max_depth': 5, 'n_estimators': 50, 'subsample': 0.8}",0.7088310021012088,0.665674552826712,0.6524452530963598,0.6756502693414269,0.02407591275799559,10
0.3489585717519124,0.02655230817607603,0.008126497268676758,0.0002679791597361653,0.8,0.1,5,50,1.0,"{'colsample_bytree': 0.8, 'learning_rate': 0.1, 'max_depth': 5, 'n_estimators': 50, 'subsample': 1.0}",0.6898650539210059,0.6599188910026694,0.6428499763511635,0.6642113070916129,0.01943232713178467,22
0.6298878987630209,0.03918784058939967,0.008658170700073242,0.0002875676642692807,0.8,0.1,5,100,0.8,"{'colsample_bytree': 0.8, 'learning_rate': 0.1, 'max_depth': 5, 'n_estimators': 100, 'subsample': 0.8}",0.7067902918952493,0.669055552837893,0.6591077055200536,0.6783178500843986,0.020538579528438187,5
0.5952130158742269,0.0224475592092996,0.008389949798583984,8.858482866353086e-05,0.8,0.1,5,100,1.0,"{'colsample_bytree': 0.8, 'learning_rate': 0.1, 'max_depth': 5, 'n_estimators': 100, 'subsample': 1.0}",0.6905694377404614,0.6625797339902748,0.6495938950823406,0.6675810222710256,0.017097922629806077,18
1.217903693517049,0.05473690816286812,0.009407361348470053,0.00028125271011120206,0.8,0.1,5,200,0.8,"{'colsample_bytree': 0.8, 'learning_rate': 0.1, 'max_depth': 5, 'n_estimators': 200, 'subsample': 0.8}",0.7042429520220537,0.6644911254071656,0.660506941211851,0.6764136728803568,0.019745379444069323,9
1.1936475435892742,0.09737985050488068,0.009285608927408854,0.00010157887535849815,0.8,0.1,5,200,1.0,"{'colsample_bytree': 0.8, 'learning_rate': 0.1, 'max_depth': 5, 'n_estimators': 200, 'subsample': 1.0}",0.6903873503948272,0.6600221707465656,0.650124783916319,0.6668447683525706,0.01713046882855561,19
0.6346669991811117,0.01606671426965163,0.008931318918863932,0.00026516529028927904,0.8,0.1,7,50,0.8,"{'colsample_bytree': 0.8, 'learning_rate': 0.1, 'max_depth': 7, 'n_estimators': 50, 'subsample': 0.8}",0.697408892933483,0.6830015425170874,0.645524495440894,0.6753116436304881,0.021868525090592873,11
0.770033041636149,0.06057243999487241,0.01371161142985026,0.0070134713683468585,0.8,0.1,7,50,1.0,"{'colsample_bytree': 0.8, 'learning_rate': 0.1, 'max_depth': 7, 'n_estimators': 50, 'subsample': 1.0}",0.6922571829190461,0.6580705753999038,0.6143506141996912,0.654892790839547,0.031884500920666,30
1.2891529401143391,0.03837219561972404,0.009189287821451822,0.0005280712052901024,0.8,0.1,7,100,0.8,"{'colsample_bytree': 0.8, 'learning_rate': 0.1, 'max_depth': 7, 'n_estimators': 100, 'subsample': 0.8}",0.7013717815474246,0.6814916129699501,0.648484886456137,0.6771160936578372,0.021811538155102228,7
1.3396460215250652,0.023935570809546714,0.00969386100769043,0.0005307956186064996,0.8,0.1,7,100,1.0,"{'colsample_bytree': 0.8, 'learning_rate': 0.1, 'max_depth': 7, 'n_estimators': 100, 'subsample': 1.0}",0.6985927529055636,0.6630924835538556,0.6179262064383613,0.6598704809659268,0.03301069427972084,28
2.4620564778645835,0.16314960497702247,0.01561880111694336,0.008016664573128664,0.8,0.1,7,200,0.8,"{'colsample_bytree': 0.8, 'learning_rate': 0.1, 'max_depth': 7, 'n_estimators': 200, 'subsample': 0.8}",0.701643583201883,0.681784996482719,0.6485500215256901,0.6773262004034306,0.021903458170243854,6
2.807036876678467,0.34282632328342266,0.009862979253133139,0.0005258479213041294,0.8,0.1,7,200,1.0,"{'colsample_bytree': 0.8, 'learning_rate': 0.1, 'max_depth': 7, 'n_estimators': 200, 'subsample': 1.0}",0.6987691586700064,0.6626981980172308,0.6178950535110248,0.6597874700660874,0.03308080484934509,29
0.14052478472391763,0.009637243706466257,0.007682085037231445,4.122964337980838e-05,0.8,0.3,3,50,0.8,"{'colsample_bytree': 0.8, 'learning_rate': 0.3, 'max_depth': 3, 'n_estimators': 50, 'subsample': 0.8}",0.6226439651703717,0.6455675003753798,0.6603412324605109,0.6428508993354208,0.015509264568718916,45
0.13548771540323892,0.001504281820604141,0.008455594380696615,0.0004774828883124155,0.8,0.3,3,50,1.0,"{'colsample_bytree': 0.8, 'learning_rate': 0.3, 'max_depth': 3, 'n_estimators': 50, 'subsample': 1.0}",0.6616000740000045,0.6555474585409655,0.64186654100435,0.6530046911817734,0.008254385925267288,33
0.2683873971303304,0.018899147839737968,0.008466720581054688,0.00016549077648844927,0.8,0.3,3,100,0.8,"{'colsample_bytree': 0.8, 'learning_rate': 0.3, 'max_depth': 3, 'n_estimators': 100, 'subsample': 0.8}",0.6263131926431181,0.6387685983435155,0.6561365263060749,0.6404061057642362,0.012230259757603919,51
0.29146766662597656,0.03823286517848649,0.0083924929300944,0.0003330591970119347,0.8,0.3,3,100,1.0,"{'colsample_bytree': 0.8, 'learning_rate': 0.3, 'max_depth': 3, 'n_estimators': 100, 'subsample': 1.0}",0.6618565597738431,0.6474358430006555,0.6464708643661845,0.6519210890468944,0.007036475437119892,35
0.6655232906341553,0.13487185868678375,0.008274157842000326,0.0002123801810177851,0.8,0.3,3,200,0.8,"{'colsample_bytree': 0.8, 'learning_rate': 0.3, 'max_depth': 3, 'n_estimators': 200, 'subsample': 0.8}",0.6290706645964771,0.6381170720842426,0.655633895154982,0.6409405439452339,0.011026643473527508,50
0.5181829134623209,0.10914554818557802,0.008289257685343424,0.000295972913296106,0.8,0.3,3,200,1.0,"{'colsample_bytree': 0.8, 'learning_rate': 0.3, 'max_depth': 3, 'n_estimators': 200, 'subsample': 1.0}",0.6596689925760129,0.6461425509898279,0.650183379887796,0.6519983078178789,0.005669310836404782,34
0.3518153826395671,0.06633966757242982,0.009792566299438477,0.0022859639342882165,0.8,0.3,5,50,0.8,"{'colsample_bytree': 0.8, 'learning_rate': 0.3, 'max_depth': 5, 'n_estimators': 50, 'subsample': 0.8}",0.6134183418948844,0.5845251523994075,0.6814604760038343,0.6264679900993754,0.04063524110317272,62
0.30505164464314777,0.006595842340398545,0.008247613906860352,0.0003670297412126663,0.8,0.3,5,50,1.0,"{'colsample_bytree': 0.8, 'learning_rate': 0.3, 'max_depth': 5, 'n_estimators': 50, 'subsample': 1.0}",0.6379897855354422,0.6255875142173155,0.6562891833880035,0.6399554943802537,0.012610739627093527,53
0.603553851445516,0.0047157775033926765,0.008427699406941732,0.00022855355420855144,0.8,0.3,5,100,0.8,"{'colsample_bytree': 0.8, 'learning_rate': 0.3, 'max_depth': 5, 'n_estimators': 100, 'subsample': 0.8}",0.6125930844537776,0.5827244800867082,0.6824606484570117,0.6259260709991658,0.04179435542400441,64
0.6691803137461344,0.06387115059767791,0.009134372075398764,0.00048777187423678313,0.8,0.3,5,100,1.0,"{'colsample_bytree': 0.8, 'learning_rate': 0.3, 'max_depth': 5, 'n_estimators': 100, 'subsample': 1.0}",0.6374761883000575,0.6236842225148337,0.6561372758709215,0.6390992288952709,0.013298517802460896,54
1.4321985244750977,0.14064067413467318,0.010827461878458658,0.0013268503005284724,0.8,0.3,5,200,0.8,"{'colsample_bytree': 0.8, 'learning_rate': 0.3, 'max_depth': 5, 'n_estimators': 200, 'subsample': 0.8}",0.6125180857928789,0.5824724960710704,0.6822316631045773,0.6257407483228422,0.04178597815129497,65
1.0967152118682861,0.015625511932841965,0.010167201360066732,0.0003543256429678861,0.8,0.3,5,200,1.0,"{'colsample_bytree': 0.8, 'learning_rate': 0.3, 'max_depth': 5, 'n_estimators': 200, 'subsample': 1.0}",0.6373545999627097,0.6237818192679034,0.6560428627965462,0.6390597606757198,0.013225591661173194,55
0.8110227584838867,0.04366770768418066,0.009039799372355143,0.0006666378266401018,0.8,0.3,7,50,0.8,"{'colsample_bytree': 0.8, 'learning_rate': 0.3, 'max_depth': 7, 'n_estimators': 50, 'subsample': 0.8}",0.645474448397365,0.6052083385453846,0.6219475374311956,0.6242101081246484,0.016516240901207763,68
0.813526471455892,0.07343883870036655,0.008623679478963217,3.075774218249771e-05,0.8,0.3,7,50,1.0,"{'colsample_bytree': 0.8, 'learning_rate': 0.3, 'max_depth': 7, 'n_estimators': 50, 'subsample': 1.0}",0.6755023895412946,0.5811409669954455,0.6145788728377077,0.623740743124816,0.039063831665513964,72
1.3301151593526204,0.1497518482712236,0.00930023193359375,8.721189547799158e-05,0.8,0.3,7,100,0.8,"{'colsample_bytree': 0.8, 'learning_rate': 0.3, 'max_depth': 7, 'n_estimators': 100, 'subsample': 0.8}",0.6453614371137976,0.6054921840058594,0.6220525808559374,0.6243020673251981,0.016354091799460062,66
1.3219557603200276,0.15434126011474292,0.009587605794270834,0.0004633797554749645,0.8,0.3,7,100,1.0,"{'colsample_bytree': 0.8, 'learning_rate': 0.3, 'max_depth': 7, 'n_estimators': 100, 'subsample': 1.0}",0.6755777022706928,0.581053184351952,0.6147703720543741,0.6238004195590063,0.039114169984755524,70
1.649853785832723,0.13067668689378853,0.009680032730102539,0.00034370026319778557,0.8,0.3,7,200,0.8,"{'colsample_bytree': 0.8, 'learning_rate': 0.3, 'max_depth': 7, 'n_estimators': 200, 'subsample': 0.8}",0.6453657859094268,0.6054662728987679,0.6220529175193381,0.6242949921091776,0.016365878293403403,67
1.3029277324676514,0.11422283859866918,0.008728504180908203,0.0002411158889604321,0.8,0.3,7,200,1.0,"{'colsample_bytree': 0.8, 'learning_rate': 0.3, 'max_depth': 7, 'n_estimators': 200, 'subsample': 1.0}",0.6755777022706928,0.581053184351952,0.6147703720543741,0.6238004195590063,0.039114169984755524,70
0.17449307441711426,0.007234762070552547,0.019171635309855144,0.015761988807025503,1.0,0.01,3,50,0.8,"{'colsample_bytree': 1.0, 'learning_rate': 0.01, 'max_depth': 3, 'n_estimators': 50, 'subsample': 0.8}",0.4010670169759174,0.35506333666091183,0.3094853516258449,0.3552052350875581,0.03738819295308597,106
0.1859892209370931,0.019153855062442198,0.008126974105834961,0.000751846024106136,1.0,0.01,3,50,1.0,"{'colsample_bytree': 1.0, 'learning_rate': 0.01, 'max_depth': 3, 'n_estimators': 50, 'subsample': 1.0}",0.3920898712922406,0.35143437678310085,0.31279297804759154,0.35210574204097767,0.03237630170402862,107
0.43350569407145184,0.016195218128894844,0.008185625076293945,0.0003456044867401873,1.0,0.01,3,100,0.8,"{'colsample_bytree': 1.0, 'learning_rate': 0.01, 'max_depth': 3, 'n_estimators': 100, 'subsample': 0.8}",0.5676494002194216,0.5086837115184972,0.46301758129456816,0.5131168976774957,0.04283062951923603,92
0.3418281078338623,0.06013916889242236,0.00804432233174642,0.00011867280616857453,1.0,0.01,3,100,1.0,"{'colsample_bytree': 1.0, 'learning_rate': 0.01, 'max_depth': 3, 'n_estimators': 100, 'subsample': 1.0}",0.5621133211531821,0.5002164982629658,0.45822621417128406,0.5068520111958107,0.042670483734298485,95
0.616530974706014,0.044331556620084596,0.009907245635986328,0.0023989061194638283,1.0,0.01,3,200,0.8,"{'colsample_bytree': 1.0, 'learning_rate': 0.01, 'max_depth': 3, 'n_estimators': 200, 'subsample': 0.8}",0.6688955316455037,0.6306036037917645,0.5848905574484904,0.6281298976285862,0.034339465527742564,61
0.6207521756490072,0.016766358876294688,0.008680025736490885,0.00011425472274207309,1.0,0.01,3,200,1.0,"{'colsample_bytree': 1.0, 'learning_rate': 0.01, 'max_depth': 3, 'n_estimators': 200, 'subsample': 1.0}",0.6584290204396338,0.6274612007385134,0.5865990163685215,0.6241630791822229,0.02941706506507238,69
0.4139121373494466,0.007020113800947593,0.007979949315388998,9.821462945444806e-05,1.0,0.01,5,50,0.8,"{'colsample_bytree': 1.0, 'learning_rate': 0.01, 'max_depth': 5, 'n_estimators': 50, 'subsample': 0.8}",0.41244417409321976,0.3860530791225111,0.3086483929286513,0.36904854871479403,0.044047372889356104,99
0.46653000513712567,0.021901100262984547,0.013530333836873373,0.007832870574311998,1.0,0.01,5,50,1.0,"{'colsample_bytree': 1.0, 'learning_rate': 0.01, 'max_depth': 5, 'n_estimators': 50, 'subsample': 1.0}",0.4177897668552387,0.4030778392962777,0.2827646966033547,0.3678774342516237,0.060482745669666445,101
0.9623866081237793,0.011991254101491291,0.00849445660909017,0.00017680462683533605,1.0,0.01,5,100,0.8,"{'colsample_bytree': 1.0, 'learning_rate': 0.01, 'max_depth': 5, 'n_estimators': 100, 'subsample': 0.8}",0.5759349857161592,0.5397309033632746,0.4604832862778626,0.525383058452432,0.04821251024362096,88
0.8764979839324951,0.023368994280884257,0.0084837277730306,0.00036041205614464525,1.0,0.01,5,100,1.0,"{'colsample_bytree': 1.0, 'learning_rate': 0.01, 'max_depth': 5, 'n_estimators': 100, 'subsample': 1.0}",0.5790113291999668,0.5265724527713754,0.4257944777151008,0.5104594198954809,0.06357973086908861,94
1.7362407843271892,0.09532843155236626,0.00977929433186849,0.0006184383801214014,1.0,0.01,5,200,0.8,"{'colsample_bytree': 1.0, 'learning_rate': 0.01, 'max_depth': 5, 'n_estimators': 200, 'subsample': 0.8}",0.6763893818121893,0.6359855919102371,0.5741148385377463,0.6288299374200575,0.042058872182423074,60
1.8282421429951985,0.1264894514941462,0.009393453598022461,0.00040521400810472174,1.0,0.01,5,200,1.0,"{'colsample_bytree': 1.0, 'learning_rate': 0.01, 'max_depth': 5, 'n_estimators': 200, 'subsample': 1.0}",0.65660469091652,0.6038788566007525,0.5590537501108181,0.6065124325426968,0.03986851978441868,82
0.7695887883504232,0.018122188991871468,0.008448441823323568,0.0003174406073456175,1.0,0.01,7,50,0.8,"{'colsample_bytree': 1.0, 'learning_rate': 0.01, 'max_depth': 7, 'n_estimators': 50, 'subsample': 0.8}",0.418754804344734,0.38338564054252466,0.3100489835139578,0.3707298094670722,0.04527226093890897,98
0.9299554824829102,0.08601530416223013,0.00865324338277181,0.0003382179853030591,1.0,0.01,7,50,1.0,"{'colsample_bytree': 1.0, 'learning_rate': 0.01, 'max_depth': 7, 'n_estimators': 50, 'subsample': 1.0}",0.4126034828843188,0.3524365656532428,0.2815349337741543,0.3488583274372386,0.05356829897746587,108
1.6498467922210693,0.221360186719867,0.00902104377746582,0.00025658809376557807,1.0,0.01,7,100,0.8,"{'colsample_bytree': 1.0, 'learning_rate': 0.01, 'max_depth': 7, 'n_estimators': 100, 'subsample': 0.8}",0.5804588610392085,0.5353328364921791,0.4581796396300809,0.5246571123871561,0.050487822366590135,89
2.002371390660604,0.22552768707366963,0.009078105290730795,0.0003075994134425304,1.0,0.01,7,100,1.0,"{'colsample_bytree': 1.0, 'learning_rate': 0.01, 'max_depth': 7, 'n_estimators': 100, 'subsample': 1.0}",0.5544158490628618,0.47683686814052184,0.4113720509869432,0.48087492273010896,0.05846715006820729,96
3.4239503542582193,0.2981132384666422,0.010942538579305014,0.0007002871246412171,1.0,0.01,7,200,0.8,"{'colsample_bytree': 1.0, 'learning_rate': 0.01, 'max_depth': 7, 'n_estimators': 200, 'subsample': 0.8}",0.6784064181469873,0.6242772014878365,0.5751792652508537,0.6259542949618925,0.042158990782125205,63
3.7546493212381997,0.3484604942377326,0.009976704915364584,0.00017955534489630428,1.0,0.01,7,200,1.0,"{'colsample_bytree': 1.0, 'learning_rate': 0.01, 'max_depth': 7, 'n_estimators': 200, 'subsample': 1.0}",0.6406352284233647,0.5616921987780075,0.5278871354945399,0.576738187565304,0.04724277333598103,84
0.19954784711201987,0.018223356805098446,0.008375724156697592,0.0008086451616673829,1.0,0.1,3,50,0.8,"{'colsample_bytree': 1.0, 'learning_rate': 0.1, 'max_depth': 3, 'n_estimators': 50, 'subsample': 0.8}",0.6649911935665143,0.6779316788168058,0.6504678354528722,0.6644635692787307,0.01121827270190511,21
0.19898454348246256,0.022147129430893083,0.008292595545450846,0.000500603183170499,1.0,0.1,3,50,1.0,"{'colsample_bytree': 1.0, 'learning_rate': 0.1, 'max_depth': 3, 'n_estimators': 50, 'subsample': 1.0}",0.6702305835199189,0.7102856371293756,0.6616534433214283,0.6807232213235742,0.02119503329717384,3
0.30980396270751953,0.0051401685050610525,0.008702675501505533,0.0003391742255658373,1.0,0.1,3,100,0.8,"{'colsample_bytree': 1.0, 'learning_rate': 0.1, 'max_depth': 3, 'n_estimators': 100, 'subsample': 0.8}",0.6536404630477154,0.6872553926495247,0.6470748465274344,0.6626569007415583,0.01759907541477807,24
0.38881317774454754,0.04775505688188276,0.009324868520100912,0.0008058074257575129,1.0,0.1,3,100,1.0,"{'colsample_bytree': 1.0, 'learning_rate': 0.1, 'max_depth': 3, 'n_estimators': 100, 'subsample': 1.0}",0.6480797730861614,0.7089339083277302,0.6633759312023999,0.6734632042054306,0.02584725970617954,12
0.6311601003011068,0.050649966754552425,0.008540630340576172,0.0003405816426223742,1.0,0.1,3,200,0.8,"{'colsample_bytree': 1.0, 'learning_rate': 0.1, 'max_depth': 3, 'n_estimators': 200, 'subsample': 0.8}",0.6480500402399834,0.6834503286582382,0.6547174214119775,0.6620725967700664,0.015359450042999248,25
0.5614833037058512,0.02355068951730059,0.008786678314208984,0.00029688088512015264,1.0,0.1,3,200,1.0,"{'colsample_bytree': 1.0, 'learning_rate': 0.1, 'max_depth': 3, 'n_estimators': 200, 'subsample': 1.0}",0.6393208286307462,0.7071666678419343,0.6648227525558881,0.6704367496761895,0.027980972074103733,17
0.41973090171813965,0.016334102666789963,0.008368968963623047,0.0003991771195570362,1.0,0.1,5,50,0.8,"{'colsample_bytree': 1.0, 'learning_rate': 0.1, 'max_depth': 5, 'n_estimators': 50, 'subsample': 0.8}",0.6998670399016591,0.7005623463107712,0.611726332403084,0.6707185728718382,0.041714779070837045,16
0.44196581840515137,0.029759597814000737,0.00818936030069987,0.00023932731484376194,1.0,0.1,5,50,1.0,"{'colsample_bytree': 1.0, 'learning_rate': 0.1, 'max_depth': 5, 'n_estimators': 50, 'subsample': 1.0}",0.6475582819279709,0.658307786802661,0.6240908101575959,0.6433189596294092,0.014287039881084386,44
0.8260045846303304,0.08366493472079839,0.008865833282470703,0.00047376657320322797,1.0,0.1,5,100,0.8,"{'colsample_bytree': 1.0, 'learning_rate': 0.1, 'max_depth': 5, 'n_estimators': 100, 'subsample': 0.8}",0.6990580981500882,0.7037346945801739,0.6167694156405092,0.6731874027902571,0.03993920040982552,13
0.7941234111785889,0.058480833274049515,0.013710339864095053,0.007788690430203551,1.0,0.1,5,100,1.0,"{'colsample_bytree': 1.0, 'learning_rate': 0.1, 'max_depth': 5, 'n_estimators': 100, 'subsample': 1.0}",0.6429172175740092,0.6677026643690644,0.6320092262749546,0.647543036072676,0.01493439047593327,38
1.666970173517863,0.1856450410063448,0.009488741556803385,0.00041350705690447394,1.0,0.1,5,200,0.8,"{'colsample_bytree': 1.0, 'learning_rate': 0.1, 'max_depth': 5, 'n_estimators': 200, 'subsample': 0.8}",0.6988235745182914,0.7021301222444389,0.6179318172772374,0.6729618380133227,0.03893550822515606,14
1.6124847730000813,0.12998307723195582,0.009604851404825846,0.000504545102710065,1.0,0.1,5,200,1.0,"{'colsample_bytree': 1.0, 'learning_rate': 0.1, 'max_depth': 5, 'n_estimators': 200, 'subsample': 1.0}",0.6423580855585532,0.666672545408155,0.6319711190550641,0.6470005833405907,0.01454216483143451,40
0.7385216554005941,0.027775328466525275,0.008431434631347656,0.0001743317563371816,1.0,0.1,7,50,0.8,"{'colsample_bytree': 1.0, 'learning_rate': 0.1, 'max_depth': 7, 'n_estimators': 50, 'subsample': 0.8}",0.7000241754335244,0.6230242733760046,0.6239820236698524,0.6490101574931272,0.036074477046093754,37
0.8800039291381836,0.049588901160813006,0.00879232088724772,0.000458212818121073,1.0,0.1,7,50,1.0,"{'colsample_bytree': 1.0, 'learning_rate': 0.1, 'max_depth': 7, 'n_estimators': 50, 'subsample': 1.0}",0.6506765227676944,0.5763746597344824,0.5892691697335974,0.6054401174119247,0.03241724205997941,83
1.453706423441569,0.08838866127408179,0.00922830899556478,0.00013980958901278672,1.0,0.1,7,100,0.8,"{'colsample_bytree': 1.0, 'learning_rate': 0.1, 'max_depth': 7, 'n_estimators': 100, 'subsample': 0.8}",0.7021386600384951,0.6270428966322823,0.6299176935504642,0.6530330834070806,0.03474271488679791,32
1.72537628809611,0.163096908057072,0.009463151295979818,0.0007813099994464157,1.0,0.1,7,100,1.0,"{'colsample_bytree': 1.0, 'learning_rate': 0.1, 'max_depth': 7, 'n_estimators': 100, 'subsample': 1.0}",0.6550717203019993,0.5840560136347817,0.5952349320538443,0.6114542219968752,0.03117805502863782,80
3.0064128239949546,0.18428986260408384,0.010439634323120117,0.00010265703430302871,1.0,0.1,7,200,0.8,"{'colsample_bytree': 1.0, 'learning_rate': 0.1, 'max_depth': 7, 'n_estimators': 200, 'subsample': 0.8}",0.7023771627490558,0.6278472790041324,0.6298910629200972,0.6533718348910952,0.03466204342912144,31
3.171767473220825,0.2412430455973169,0.010701735814412435,0.0006306369370156137,1.0,0.1,7,200,1.0,"{'colsample_bytree': 1.0, 'learning_rate': 0.1, 'max_depth': 7, 'n_estimators': 200, 'subsample': 1.0}",0.655232118037236,0.5839801667777313,0.5947295994293131,0.6113139614147601,0.031363364364812255,81
0.1646862824757894,0.005209141009930429,0.014020522435506185,0.008444143069530978,1.0,0.3,3,50,0.8,"{'colsample_bytree': 1.0, 'learning_rate': 0.3, 'max_depth': 3, 'n_estimators': 50, 'subsample': 0.8}",0.6375837954934586,0.6728748513534375,0.6418801293885993,0.6507795920784986,0.01572185279697697,36
0.2012044588724772,0.014263012198372279,0.008543809254964193,0.0005702577138327145,1.0,0.3,3,50,1.0,"{'colsample_bytree': 1.0, 'learning_rate': 0.3, 'max_depth': 3, 'n_estimators': 50, 'subsample': 1.0}",0.668069082944003,0.660703541430383,0.659769065611256,0.6628472299952141,0.003712063435899728,23
0.33272822697957355,0.026576579895944884,0.008410215377807617,0.0002957974927045082,1.0,0.3,3,100,0.8,"{'colsample_bytree': 1.0, 'learning_rate': 0.3, 'max_depth': 3, 'n_estimators': 100, 'subsample': 0.8}",0.6301336164920388,0.65346711892368,0.6480534083790932,0.6438847145982707,0.009971512416564602,43
0.29991579055786133,0.0029537823412388808,0.008305946985880533,0.0003094871730471387,1.0,0.3,3,100,1.0,"{'colsample_bytree': 1.0, 'learning_rate': 0.3, 'max_depth': 3, 'n_estimators': 100, 'subsample': 1.0}",0.660749436690972,0.669721874555836,0.6549623363708321,0.6618112158725468,0.006072150806837496,26
0.6350534756978353,0.04603654693042262,0.009475151697794596,0.0016379672691688065,1.0,0.3,3,200,0.8,"{'colsample_bytree': 1.0, 'learning_rate': 0.3, 'max_depth': 3, 'n_estimators': 200, 'subsample': 0.8}",0.6251251885729341,0.6507497235662203,0.6490097186028139,0.6416282102473227,0.011690999318768727,47
0.6037824153900146,0.06550510851219922,0.009189287821451822,0.00019311623643205757,1.0,0.3,3,200,1.0,"{'colsample_bytree': 1.0, 'learning_rate': 0.3, 'max_depth': 3, 'n_estimators': 200, 'subsample': 1.0}",0.6590584696384237,0.6707023119039609,0.6520253664704333,0.6605953826709393,0.007701889332446469,27
0.4158385594685872,0.011467904731143879,0.009196996688842773,0.0012877373927065651,1.0,0.3,5,50,0.8,"{'colsample_bytree': 1.0, 'learning_rate': 0.3, 'max_depth': 5, 'n_estimators': 50, 'subsample': 0.8}",0.6688502112489545,0.6520877378243404,0.6051028326470418,0.6420135939067789,0.026982072460650677,46
0.37566383679707843,0.011533052373117381,0.008057355880737305,0.00025807508937939443,1.0,0.3,5,50,1.0,"{'colsample_bytree': 1.0, 'learning_rate': 0.3, 'max_depth': 5, 'n_estimators': 50, 'subsample': 1.0}",0.6691909354910459,0.6326621545162859,0.6394232134288445,0.6470921011453921,0.01586814080649774,39
0.8149658838907877,0.02648269845823275,0.014674027760823568,0.00853941825759002,1.0,0.3,5,100,0.8,"{'colsample_bytree': 1.0, 'learning_rate': 0.3, 'max_depth': 5, 'n_estimators': 100, 'subsample': 0.8}",0.667086582466237,0.6524709949584704,0.6053212026517867,0.6416262600254979,0.02635585630975463,48
0.7426091035207113,0.010226664818386582,0.008654435475667318,0.00023693244075701568,1.0,0.3,5,100,1.0,"{'colsample_bytree': 1.0, 'learning_rate': 0.3, 'max_depth': 5, 'n_estimators': 100, 'subsample': 1.0}",0.6677600815874573,0.631710176416861,0.6382527305487082,0.6459076628510089,0.015681143817057253,41
1.5028611024220784,0.06218719783465583,0.009168624877929688,0.00013755037111598246,1.0,0.3,5,200,0.8,"{'colsample_bytree': 1.0, 'learning_rate': 0.3, 'max_depth': 5, 'n_estimators': 200, 'subsample': 0.8}",0.6670366937909025,0.6521567992879105,0.60528874699725,0.6414940800253542,0.026311878431131936,49
1.3819781144460042,0.018882719139163503,0.009447336196899414,0.0005973814636557561,1.0,0.3,5,200,1.0,"{'colsample_bytree': 1.0, 'learning_rate': 0.3, 'max_depth': 5, 'n_estimators': 200, 'subsample': 1.0}",0.6677254993082364,0.6316952477050436,0.6380211614400734,0.6458139694844512,0.015707549152339333,42
0.7532884279886881,0.023652833654608546,0.008660395940144857,0.00012902334942558574,1.0,0.3,7,50,0.8,"{'colsample_bytree': 1.0, 'learning_rate': 0.3, 'max_depth': 7, 'n_estimators': 50, 'subsample': 0.8}",0.653562800161237,0.5891284919934521,0.6251902384280152,0.6226271768609014,0.02636755557767767,73
0.8350952466328939,0.043514296191822746,0.00841848055521647,0.00032945418153631996,1.0,0.3,7,50,1.0,"{'colsample_bytree': 1.0, 'learning_rate': 0.3, 'max_depth': 7, 'n_estimators': 50, 'subsample': 1.0}",0.6573896759788667,0.6170602482526768,0.5838180395951587,0.6194226546089007,0.030081911983649824,76
1.6137665112813313,0.07752435291752252,0.00967566172281901,0.00028781723478833406,1.0,0.3,7,100,0.8,"{'colsample_bytree': 1.0, 'learning_rate': 0.3, 'max_depth': 7, 'n_estimators': 100, 'subsample': 0.8}",0.6534340834299079,0.5886106073850412,0.62551182130545,0.6225188373734664,0.026548562123621514,74
1.3996842702229817,0.09568892998229926,0.009324073791503906,0.00030146185431525736,1.0,0.3,7,100,1.0,"{'colsample_bytree': 1.0, 'learning_rate': 0.3, 'max_depth': 7, 'n_estimators': 100, 'subsample': 1.0}",0.6573285971793303,0.6170030519690156,0.5839099952929709,0.619413881480439,0.03002145732568398,78
1.6903622150421143,0.15169569596029256,0.008588790893554688,0.002239126318450635,1.0,0.3,7,200,0.8,"{'colsample_bytree': 1.0, 'learning_rate': 0.3, 'max_depth': 7, 'n_estimators': 200, 'subsample': 0.8}",0.6534378148643862,0.5886007834579675,0.6255132095766897,0.6225172692996811,0.026554245159757833,75
1.253218412399292,0.04130946874913399,0.008188645044962565,0.0001498905749490019,1.0,0.3,7,200,1.0,"{'colsample_bytree': 1.0, 'learning_rate': 0.3, 'max_depth': 7, 'n_estimators': 200, 'subsample': 1.0}",0.6573285971793303,0.6170032039694373,0.5839099952929709,0.6194139321472462,0.03002145325704487,77
