mean_fit_time,std_fit_time,mean_score_time,std_score_time,param_colsample_bytree,param_learning_rate,param_max_depth,param_n_estimators,param_scale_pos_weight,param_subsample,params,split0_test_score,split1_test_score,split2_test_score,mean_test_score,std_test_score,rank_test_score
1.616861899693807,0.15530913389151388,0.009538809458414713,0.00027306032667403563,0.8,0.01,3,50,35.57142857142857,0.8,"{'colsample_bytree': 0.8, 'learning_rate': 0.01, 'max_depth': 3, 'n_estimators': 50, 'scale_pos_weight': np.float64(35.57142857142857), 'subsample': 0.8}",0.9048192771084338,0.9783132530120482,0.9653614457831325,0.9494979919678714,0.03203204644042123,10
1.6827327410380046,0.23290238192656273,0.023247639338175457,0.014351739340489347,0.8,0.01,3,50,35.57142857142857,1.0,"{'colsample_bytree': 0.8, 'learning_rate': 0.01, 'max_depth': 3, 'n_estimators': 50, 'scale_pos_weight': np.float64(35.57142857142857), 'subsample': 1.0}",0.8234939759036144,0.9674698795180723,0.9721385542168675,0.9210341365461847,0.06899763925669056,44
1.1707382202148438,0.7709140196313754,0.015381495157877604,0.00397680025554757,0.8,0.01,3,100,35.57142857142857,0.8,"{'colsample_bytree': 0.8, 'learning_rate': 0.01, 'max_depth': 3, 'n_estimators': 100, 'scale_pos_weight': np.float64(35.57142857142857), 'subsample': 0.8}",0.8987951807228917,0.9734939759036145,0.9698795180722891,0.9473895582329318,0.034393082836958425,12
0.15088701248168945,0.013143855435054986,0.009834607442220053,0.0013652537946868097,0.8,0.01,3,100,35.57142857142857,1.0,"{'colsample_bytree': 0.8, 'learning_rate': 0.01, 'max_depth': 3, 'n_estimators': 100, 'scale_pos_weight': np.float64(35.57142857142857), 'subsample': 1.0}",0.8198795180722892,0.9692771084337349,0.9548192771084338,0.9146586345381525,0.06727836655862465,47
0.33106231689453125,0.027048360276669833,0.011759281158447266,0.00077314612690693,0.8,0.01,3,200,35.57142857142857,0.8,"{'colsample_bytree': 0.8, 'learning_rate': 0.01, 'max_depth': 3, 'n_estimators': 200, 'scale_pos_weight': np.float64(35.57142857142857), 'subsample': 0.8}",0.8867469879518073,0.9674698795180723,0.9698795180722892,0.9413654618473896,0.03863361970704011,18
0.49494139353434247,0.1614738335339423,0.023798068364461262,0.015790746797702957,0.8,0.01,3,200,35.57142857142857,1.0,"{'colsample_bytree': 0.8, 'learning_rate': 0.01, 'max_depth': 3, 'n_estimators': 200, 'scale_pos_weight': np.float64(35.57142857142857), 'subsample': 1.0}",0.8783132530120482,0.9674698795180723,0.950301204819277,0.9320281124497992,0.038623442286097626,34
0.22294378280639648,0.0757783677915498,0.018567403157552082,0.00850069165544193,0.8,0.01,5,50,35.57142857142857,0.8,"{'colsample_bytree': 0.8, 'learning_rate': 0.01, 'max_depth': 5, 'n_estimators': 50, 'scale_pos_weight': np.float64(35.57142857142857), 'subsample': 0.8}",0.9120481927710844,0.9674698795180723,0.9653614457831325,0.9482931726907631,0.025643521602113476,11
0.17473594347635904,0.02311282992374494,0.012553691864013672,0.00037536550222306685,0.8,0.01,5,50,35.57142857142857,1.0,"{'colsample_bytree': 0.8, 'learning_rate': 0.01, 'max_depth': 5, 'n_estimators': 50, 'scale_pos_weight': np.float64(35.57142857142857), 'subsample': 1.0}",0.8337349397590361,0.9638554216867471,0.9751506024096386,0.9242469879518073,0.06416758490041832,43
0.4528309504191081,0.11642911888841685,0.030476490656534832,0.02331015787101114,0.8,0.01,5,100,35.57142857142857,0.8,"{'colsample_bytree': 0.8, 'learning_rate': 0.01, 'max_depth': 5, 'n_estimators': 100, 'scale_pos_weight': np.float64(35.57142857142857), 'subsample': 0.8}",0.9024096385542169,0.963855421686747,0.963855421686747,0.9433734939759036,0.028965819952220022,15
0.3546140193939209,0.11725091915216043,0.013561646143595377,0.0003540408239500956,0.8,0.01,5,100,35.57142857142857,1.0,"{'colsample_bytree': 0.8, 'learning_rate': 0.01, 'max_depth': 5, 'n_estimators': 100, 'scale_pos_weight': np.float64(35.57142857142857), 'subsample': 1.0}",0.8307228915662651,0.9650602409638555,0.9774096385542169,0.9243975903614459,0.06642960585455393,42
0.7648068269093832,0.35741027448859086,0.015030622482299805,0.0008755129094827001,0.8,0.01,5,200,35.57142857142857,0.8,"{'colsample_bytree': 0.8, 'learning_rate': 0.01, 'max_depth': 5, 'n_estimators': 200, 'scale_pos_weight': np.float64(35.57142857142857), 'subsample': 0.8}",0.8951807228915662,0.9650602409638553,0.9668674698795181,0.9423694779116465,0.03337564450660859,17
0.7828959623972574,0.30856006319273144,0.01548465092976888,0.0006837880409966405,0.8,0.01,5,200,35.57142857142857,1.0,"{'colsample_bytree': 0.8, 'learning_rate': 0.01, 'max_depth': 5, 'n_estimators': 200, 'scale_pos_weight': np.float64(35.57142857142857), 'subsample': 1.0}",0.8981927710843374,0.9614457831325302,0.9608433734939759,0.9401606425702811,0.0296767855642383,19
0.28513145446777344,0.10037536076917367,0.029440005620320637,0.020770725671676062,0.8,0.01,7,50,35.57142857142857,0.8,"{'colsample_bytree': 0.8, 'learning_rate': 0.01, 'max_depth': 7, 'n_estimators': 50, 'scale_pos_weight': np.float64(35.57142857142857), 'subsample': 0.8}",0.9120481927710844,0.9626506024096386,0.9533132530120483,0.9426706827309238,0.021986347156792818,16
0.20707106590270996,0.03758141662190572,0.013484636942545572,0.0004605177450664452,0.8,0.01,7,50,35.57142857142857,1.0,"{'colsample_bytree': 0.8, 'learning_rate': 0.01, 'max_depth': 7, 'n_estimators': 50, 'scale_pos_weight': np.float64(35.57142857142857), 'subsample': 1.0}",0.8373493975903615,0.9626506024096386,0.9533132530120482,0.9177710843373496,0.056994340642243645,46
0.4808820883433024,0.19755288143740363,0.02516317367553711,0.01673206895782947,0.8,0.01,7,100,35.57142857142857,0.8,"{'colsample_bytree': 0.8, 'learning_rate': 0.01, 'max_depth': 7, 'n_estimators': 100, 'scale_pos_weight': np.float64(35.57142857142857), 'subsample': 0.8}",0.9024096385542169,0.9614457831325302,0.9563253012048193,0.9400602409638554,0.026704939994309607,20
0.5021075407663981,0.06475351519848568,0.019737641016642254,0.005965629022888195,0.8,0.01,7,100,35.57142857142857,1.0,"{'colsample_bytree': 0.8, 'learning_rate': 0.01, 'max_depth': 7, 'n_estimators': 100, 'scale_pos_weight': np.float64(35.57142857142857), 'subsample': 1.0}",0.830722891566265,0.9662650602409638,0.9457831325301205,0.9142570281124497,0.05965646831135488,49
0.6904217402140299,0.11024768352223219,0.015337149302164713,0.0010018941854248347,0.8,0.01,7,200,35.57142857142857,0.8,"{'colsample_bytree': 0.8, 'learning_rate': 0.01, 'max_depth': 7, 'n_estimators': 200, 'scale_pos_weight': np.float64(35.57142857142857), 'subsample': 0.8}",0.8951807228915662,0.963855421686747,0.9563253012048192,0.9384538152610441,0.0307527350656936,21
1.1942453384399414,0.37306274042472115,0.040912787119547524,0.02520529458260259,0.8,0.01,7,200,35.57142857142857,1.0,"{'colsample_bytree': 0.8, 'learning_rate': 0.01, 'max_depth': 7, 'n_estimators': 200, 'scale_pos_weight': np.float64(35.57142857142857), 'subsample': 1.0}",0.896987951807229,0.9662650602409638,0.9472891566265059,0.936847389558233,0.029230147825671533,24
0.20229880015055338,0.04501625391999273,0.025810718536376953,0.01608864946306525,0.8,0.1,3,50,35.57142857142857,0.8,"{'colsample_bytree': 0.8, 'learning_rate': 0.1, 'max_depth': 3, 'n_estimators': 50, 'scale_pos_weight': np.float64(35.57142857142857), 'subsample': 0.8}",0.8463855421686747,0.9662650602409638,0.9623493975903614,0.9249999999999999,0.05561179634204268,41
0.2024561564127604,0.03511633834967211,0.041946013768514,0.017893304994608776,0.8,0.1,3,50,35.57142857142857,1.0,"{'colsample_bytree': 0.8, 'learning_rate': 0.1, 'max_depth': 3, 'n_estimators': 50, 'scale_pos_weight': np.float64(35.57142857142857), 'subsample': 1.0}",0.8042168674698795,0.9795180722891567,0.8885542168674699,0.8907630522088353,0.07158345860111578,58
0.31306910514831543,0.1385476445061036,0.02126614252726237,0.008046964996996,0.8,0.1,3,100,35.57142857142857,0.8,"{'colsample_bytree': 0.8, 'learning_rate': 0.1, 'max_depth': 3, 'n_estimators': 100, 'scale_pos_weight': np.float64(35.57142857142857), 'subsample': 0.8}",0.7506024096385543,0.9698795180722891,0.8855421686746988,0.8686746987951808,0.09031056130880563,82
0.2804373900095622,0.06176366263316234,0.03189730644226074,0.024925311680752935,0.8,0.1,3,100,35.57142857142857,1.0,"{'colsample_bytree': 0.8, 'learning_rate': 0.1, 'max_depth': 3, 'n_estimators': 100, 'scale_pos_weight': np.float64(35.57142857142857), 'subsample': 1.0}",0.808433734939759,0.9879518072289156,0.8825301204819277,0.8929718875502007,0.07365893222248414,54
0.4667086601257324,0.06088433618033502,0.0261383056640625,0.01772728855330932,0.8,0.1,3,200,35.57142857142857,0.8,"{'colsample_bytree': 0.8, 'learning_rate': 0.1, 'max_depth': 3, 'n_estimators': 200, 'scale_pos_weight': np.float64(35.57142857142857), 'subsample': 0.8}",0.7506024096385543,0.9734939759036145,0.8418674698795181,0.8553212851405623,0.09149104304732664,96
0.6489584445953369,0.19985485824378757,0.03223371505737305,0.01455456715509325,0.8,0.1,3,200,35.57142857142857,1.0,"{'colsample_bytree': 0.8, 'learning_rate': 0.1, 'max_depth': 3, 'n_estimators': 200, 'scale_pos_weight': np.float64(35.57142857142857), 'subsample': 1.0}",0.7433734939759037,0.9855421686746988,0.8448795180722891,0.8579317269076306,0.09929480304612702,93
0.39604981740315753,0.1277265669914656,0.03152322769165039,0.023089484920305315,0.8,0.1,5,50,35.57142857142857,0.8,"{'colsample_bytree': 0.8, 'learning_rate': 0.1, 'max_depth': 5, 'n_estimators': 50, 'scale_pos_weight': np.float64(35.57142857142857), 'subsample': 0.8}",0.8584337349397589,0.9566265060240964,0.9653614457831325,0.9268072289156626,0.04847869499070838,40
0.21439075469970703,0.024874241213653087,0.023171345392862957,0.012071173125128527,0.8,0.1,5,50,35.57142857142857,1.0,"{'colsample_bytree': 0.8, 'learning_rate': 0.1, 'max_depth': 5, 'n_estimators': 50, 'scale_pos_weight': np.float64(35.57142857142857), 'subsample': 1.0}",0.8753012048192771,0.9698795180722891,0.9442771084337349,0.9298192771084337,0.03994192450228509,39
0.30881690979003906,0.014172861113809554,0.016796112060546875,0.003581531804449803,0.8,0.1,5,100,35.57142857142857,0.8,"{'colsample_bytree': 0.8, 'learning_rate': 0.1, 'max_depth': 5, 'n_estimators': 100, 'scale_pos_weight': np.float64(35.57142857142857), 'subsample': 0.8}",0.7771084337349398,0.9674698795180723,0.8704819277108433,0.8716867469879519,0.07771940427923602,78
0.4024624824523926,0.06432720956875358,0.027776638666788738,0.016429471093425747,0.8,0.1,5,100,35.57142857142857,1.0,"{'colsample_bytree': 0.8, 'learning_rate': 0.1, 'max_depth': 5, 'n_estimators': 100, 'scale_pos_weight': np.float64(35.57142857142857), 'subsample': 1.0}",0.8132530120481928,0.9710843373493976,0.8900602409638554,0.8914658634538153,0.06444203412122605,57
0.5838049252827963,0.12488569468357644,0.03744673728942871,0.01775773528514484,0.8,0.1,5,200,35.57142857142857,0.8,"{'colsample_bytree': 0.8, 'learning_rate': 0.1, 'max_depth': 5, 'n_estimators': 200, 'scale_pos_weight': np.float64(35.57142857142857), 'subsample': 0.8}",0.7554216867469881,0.9698795180722891,0.8192771084337349,0.8481927710843373,0.08990783063441658,105
0.5061948299407959,0.17056653247316775,0.014920711517333984,0.00042026412933780273,0.8,0.1,5,200,35.57142857142857,1.0,"{'colsample_bytree': 0.8, 'learning_rate': 0.1, 'max_depth': 5, 'n_estimators': 200, 'scale_pos_weight': np.float64(35.57142857142857), 'subsample': 1.0}",0.7457831325301205,0.9710843373493977,0.8448795180722891,0.8539156626506025,0.09220049585869773,99
0.2397019863128662,0.06808723281941298,0.017857948939005535,0.0029409689715882586,0.8,0.1,7,50,35.57142857142857,0.8,"{'colsample_bytree': 0.8, 'learning_rate': 0.1, 'max_depth': 7, 'n_estimators': 50, 'scale_pos_weight': np.float64(35.57142857142857), 'subsample': 0.8}",0.8584337349397589,0.9674698795180723,0.9668674698795181,0.9309236947791164,0.05125873215025191,37
0.18170086542765299,0.02608458051064947,0.016822417577107746,0.002653518156948076,0.8,0.1,7,50,35.57142857142857,1.0,"{'colsample_bytree': 0.8, 'learning_rate': 0.1, 'max_depth': 7, 'n_estimators': 50, 'scale_pos_weight': np.float64(35.57142857142857), 'subsample': 1.0}",0.869277108433735,0.9771084337349397,0.960843373493976,0.9357429718875502,0.04746522446069653,27
0.3973897298177083,0.1674304210987527,0.01525584856669108,0.0015491552339910674,0.8,0.1,7,100,35.57142857142857,0.8,"{'colsample_bytree': 0.8, 'learning_rate': 0.1, 'max_depth': 7, 'n_estimators': 100, 'scale_pos_weight': np.float64(35.57142857142857), 'subsample': 0.8}",0.7771084337349398,0.9686746987951808,0.9231927710843373,0.8896586345381525,0.08172234379371102,60
0.3822232087453206,0.19572585375910387,0.014861663182576498,0.0009603792827668876,0.8,0.1,7,100,35.57142857142857,1.0,"{'colsample_bytree': 0.8, 'learning_rate': 0.1, 'max_depth': 7, 'n_estimators': 100, 'scale_pos_weight': np.float64(35.57142857142857), 'subsample': 1.0}",0.8265060240963856,0.9783132530120482,0.9487951807228916,0.9178714859437752,0.0657194281870897,45
0.5696617762247721,0.2642855558100495,0.016813913981119793,0.0038752888832488635,0.8,0.1,7,200,35.57142857142857,0.8,"{'colsample_bytree': 0.8, 'learning_rate': 0.1, 'max_depth': 7, 'n_estimators': 200, 'scale_pos_weight': np.float64(35.57142857142857), 'subsample': 0.8}",0.7554216867469881,0.9759036144578314,0.8930722891566265,0.8747991967871487,0.09093404034547967,75
0.5222764015197754,0.2305399044165628,0.014588514963785807,0.0005951177461558884,0.8,0.1,7,200,35.57142857142857,1.0,"{'colsample_bytree': 0.8, 'learning_rate': 0.1, 'max_depth': 7, 'n_estimators': 200, 'scale_pos_weight': np.float64(35.57142857142857), 'subsample': 1.0}",0.7518072289156627,0.9831325301204819,0.9231927710843373,0.8860441767068273,0.09802333835212802,64
0.12938340504964194,0.02133539427313305,0.021268288294474285,0.010988104353897896,0.8,0.3,3,50,35.57142857142857,0.8,"{'colsample_bytree': 0.8, 'learning_rate': 0.3, 'max_depth': 3, 'n_estimators': 50, 'scale_pos_weight': np.float64(35.57142857142857), 'subsample': 0.8}",0.8301204819277109,0.9686746987951808,0.8147590361445783,0.8711847389558233,0.06922048206634927,80
0.1577157974243164,0.06259990097731687,0.03219413757324219,0.02603809200843712,0.8,0.3,3,50,35.57142857142857,1.0,"{'colsample_bytree': 0.8, 'learning_rate': 0.3, 'max_depth': 3, 'n_estimators': 50, 'scale_pos_weight': np.float64(35.57142857142857), 'subsample': 1.0}",0.7506024096385542,0.983132530120482,0.858433734939759,0.8640562248995983,0.09501323952603073,86
0.2341475486755371,0.06953328809405607,0.015453656514485678,0.002911692818826853,0.8,0.3,3,100,35.57142857142857,0.8,"{'colsample_bytree': 0.8, 'learning_rate': 0.3, 'max_depth': 3, 'n_estimators': 100, 'scale_pos_weight': np.float64(35.57142857142857), 'subsample': 0.8}",0.8289156626506023,0.9698795180722891,0.8373493975903614,0.8787148594377511,0.0645550318680242,71
0.26148271560668945,0.039035730190303444,0.02089540163675944,0.007061621992401072,0.8,0.3,3,100,35.57142857142857,1.0,"{'colsample_bytree': 0.8, 'learning_rate': 0.3, 'max_depth': 3, 'n_estimators': 100, 'scale_pos_weight': np.float64(35.57142857142857), 'subsample': 1.0}",0.7397590361445784,0.9831325301204819,0.8418674698795181,0.8549196787148595,0.09978454960270086,98
0.4360264142354329,0.07168919570746214,0.02686897913614909,0.01051578296658935,0.8,0.3,3,200,35.57142857142857,0.8,"{'colsample_bytree': 0.8, 'learning_rate': 0.3, 'max_depth': 3, 'n_estimators': 200, 'scale_pos_weight': np.float64(35.57142857142857), 'subsample': 0.8}",0.8240963855421688,0.9710843373493976,0.8418674698795181,0.8790160642570282,0.06550510434202632,70
0.40271449089050293,0.09894072765102165,0.0316773255666097,0.023078439360706228,0.8,0.3,3,200,35.57142857142857,1.0,"{'colsample_bytree': 0.8, 'learning_rate': 0.3, 'max_depth': 3, 'n_estimators': 200, 'scale_pos_weight': np.float64(35.57142857142857), 'subsample': 1.0}",0.7409638554216869,0.9879518072289156,0.8373493975903614,0.8554216867469879,0.10163896172565266,95
0.18928893407185873,0.06820409881255983,0.017009496688842773,0.0038675837198364257,0.8,0.3,5,50,35.57142857142857,0.8,"{'colsample_bytree': 0.8, 'learning_rate': 0.3, 'max_depth': 5, 'n_estimators': 50, 'scale_pos_weight': np.float64(35.57142857142857), 'subsample': 0.8}",0.7530120481927711,0.9746987951807229,0.8237951807228916,0.8505020080321285,0.09245249019981053,102
0.17940704027811685,0.06921045169048605,0.022673845291137695,0.007281107515799028,0.8,0.3,5,50,35.57142857142857,1.0,"{'colsample_bytree': 0.8, 'learning_rate': 0.3, 'max_depth': 5, 'n_estimators': 50, 'scale_pos_weight': np.float64(35.57142857142857), 'subsample': 1.0}",0.7783132530120482,0.9746987951807229,0.8237951807228916,0.8589357429718877,0.08393634345781627,91
0.18770964940388998,0.016703671596654167,0.015483220418294271,0.003846095967771817,0.8,0.3,5,100,35.57142857142857,0.8,"{'colsample_bytree': 0.8, 'learning_rate': 0.3, 'max_depth': 5, 'n_estimators': 100, 'scale_pos_weight': np.float64(35.57142857142857), 'subsample': 0.8}",0.7530120481927711,0.9783132530120482,0.8418674698795181,0.8577309236947791,0.09266029390005247,94
0.17395830154418945,0.018824283558684395,0.012376944224039713,0.001050894328452068,0.8,0.3,5,100,35.57142857142857,1.0,"{'colsample_bytree': 0.8, 'learning_rate': 0.3, 'max_depth': 5, 'n_estimators': 100, 'scale_pos_weight': np.float64(35.57142857142857), 'subsample': 1.0}",0.7530120481927711,0.9734939759036144,0.8237951807228916,0.8501004016064257,0.09191316045076106,103
0.3129546642303467,0.0843984362138495,0.013885180155436197,0.0012999187363055313,0.8,0.3,5,200,35.57142857142857,0.8,"{'colsample_bytree': 0.8, 'learning_rate': 0.3, 'max_depth': 5, 'n_estimators': 200, 'scale_pos_weight': np.float64(35.57142857142857), 'subsample': 0.8}",0.7554216867469881,0.9807228915662651,0.8403614457831325,0.8588353413654618,0.09290181855681322,92
0.3349487781524658,0.07843175227661199,0.0463105042775472,0.023572866609552868,0.8,0.3,5,200,35.57142857142857,1.0,"{'colsample_bytree': 0.8, 'learning_rate': 0.3, 'max_depth': 5, 'n_estimators': 200, 'scale_pos_weight': np.float64(35.57142857142857), 'subsample': 1.0}",0.7542168674698796,0.9771084337349397,0.8057228915662651,0.8456827309236948,0.09528117739661077,106
0.12721983591715494,0.0190028343816854,0.013603528340657553,0.00047503058950737665,0.8,0.3,7,50,35.57142857142857,0.8,"{'colsample_bytree': 0.8, 'learning_rate': 0.3, 'max_depth': 7, 'n_estimators': 50, 'scale_pos_weight': np.float64(35.57142857142857), 'subsample': 0.8}",0.7530120481927711,0.9734939759036144,0.8614457831325302,0.8626506024096385,0.09001540165953176,87
0.16254448890686035,0.03743514513608361,0.05443716049194336,0.028739178609185855,0.8,0.3,7,50,35.57142857142857,1.0,"{'colsample_bytree': 0.8, 'learning_rate': 0.3, 'max_depth': 7, 'n_estimators': 50, 'scale_pos_weight': np.float64(35.57142857142857), 'subsample': 1.0}",0.7783132530120482,0.9771084337349398,0.8102409638554217,0.8552208835341366,0.08716756220211551,97
0.22855075200398764,0.11031528527097263,0.013836860656738281,0.0009917691527320685,0.8,0.3,7,100,35.57142857142857,0.8,"{'colsample_bytree': 0.8, 'learning_rate': 0.3, 'max_depth': 7, 'n_estimators': 100, 'scale_pos_weight': np.float64(35.57142857142857), 'subsample': 0.8}",0.7530120481927711,0.9759036144578312,0.8765060240963854,0.8684738955823293,0.09117217738752197,83
0.23078560829162598,0.1029078311975442,0.013914823532104492,0.0019492613800432964,0.8,0.3,7,100,35.57142857142857,1.0,"{'colsample_bytree': 0.8, 'learning_rate': 0.3, 'max_depth': 7, 'n_estimators': 100, 'scale_pos_weight': np.float64(35.57142857142857), 'subsample': 1.0}",0.7530120481927711,0.9771084337349398,0.783132530120482,0.8377510040160643,0.09930485309147076,107
0.3365391095479329,0.1385693922914913,0.019046703974405926,0.007203815349716961,0.8,0.3,7,200,35.57142857142857,0.8,"{'colsample_bytree': 0.8, 'learning_rate': 0.3, 'max_depth': 7, 'n_estimators': 200, 'scale_pos_weight': np.float64(35.57142857142857), 'subsample': 0.8}",0.7554216867469881,0.9819277108433735,0.8840361445783133,0.8737951807228916,0.09275380582849102,77
0.3386128743489583,0.14495035855052657,0.018036444981892902,0.005423464761529769,0.8,0.3,7,200,35.57142857142857,1.0,"{'colsample_bytree': 0.8, 'learning_rate': 0.3, 'max_depth': 7, 'n_estimators': 200, 'scale_pos_weight': np.float64(35.57142857142857), 'subsample': 1.0}",0.7542168674698796,0.9819277108433735,0.7771084337349398,0.8377510040160643,0.10237577202050889,107
0.19676979382832846,0.07546108382685553,0.01522048314412435,0.002184670965920461,1.0,0.01,3,50,35.57142857142857,0.8,"{'colsample_bytree': 1.0, 'learning_rate': 0.01, 'max_depth': 3, 'n_estimators': 50, 'scale_pos_weight': np.float64(35.57142857142857), 'subsample': 0.8}",0.9271084337349398,0.9710843373493976,0.9668674698795181,0.9550200803212853,0.019811452987021017,1
0.15950878461201987,0.021005598929444994,0.020026763280232746,0.009678857258314787,1.0,0.01,3,50,35.57142857142857,1.0,"{'colsample_bytree': 1.0, 'learning_rate': 0.01, 'max_depth': 3, 'n_estimators': 50, 'scale_pos_weight': np.float64(35.57142857142857), 'subsample': 1.0}",0.8644578313253012,0.9632530120481928,0.9683734939759037,0.9320281124497992,0.04782511196868423,34
0.4580670992533366,0.10867598458399706,0.029461065928141277,0.02275699723655704,1.0,0.01,3,100,35.57142857142857,0.8,"{'colsample_bytree': 1.0, 'learning_rate': 0.01, 'max_depth': 3, 'n_estimators': 100, 'scale_pos_weight': np.float64(35.57142857142857), 'subsample': 0.8}",0.925301204819277,0.9674698795180723,0.9698795180722891,0.9542168674698795,0.020470112349196264,3
0.5223001639048258,0.11155518559323041,0.034065802892049156,0.010923488319490842,1.0,0.01,3,100,35.57142857142857,1.0,"{'colsample_bytree': 1.0, 'learning_rate': 0.01, 'max_depth': 3, 'n_estimators': 100, 'scale_pos_weight': np.float64(35.57142857142857), 'subsample': 1.0}",0.8620481927710844,0.9644578313253012,0.9683734939759037,0.9316265060240964,0.04922526018112404,36
0.938815196355184,0.055688194667364785,0.017066796620686848,0.002252248608872934,1.0,0.01,3,200,35.57142857142857,0.8,"{'colsample_bytree': 1.0, 'learning_rate': 0.01, 'max_depth': 3, 'n_estimators': 200, 'scale_pos_weight': np.float64(35.57142857142857), 'subsample': 0.8}",0.9132530120481928,0.9674698795180723,0.9713855421686747,0.9507028112449799,0.02652921280912911,8
1.0145548184712727,0.22296165300211526,0.02636885643005371,0.01538155315155439,1.0,0.01,3,200,35.57142857142857,1.0,"{'colsample_bytree': 1.0, 'learning_rate': 0.01, 'max_depth': 3, 'n_estimators': 200, 'scale_pos_weight': np.float64(35.57142857142857), 'subsample': 1.0}",0.8608433734939759,0.9795180722891567,0.9623493975903614,0.9342369477911646,0.05236826907467274,31
0.3916521867116292,0.018414286330530848,0.027263641357421875,0.017840446995766115,1.0,0.01,5,50,35.57142857142857,0.8,"{'colsample_bytree': 1.0, 'learning_rate': 0.01, 'max_depth': 5, 'n_estimators': 50, 'scale_pos_weight': np.float64(35.57142857142857), 'subsample': 0.8}",0.9271084337349398,0.9674698795180723,0.9698795180722892,0.9548192771084337,0.019619203514978693,2
0.3162523905436198,0.022223375500822037,0.015023628870646158,0.0015396463453291192,1.0,0.01,5,50,35.57142857142857,1.0,"{'colsample_bytree': 1.0, 'learning_rate': 0.01, 'max_depth': 5, 'n_estimators': 50, 'scale_pos_weight': np.float64(35.57142857142857), 'subsample': 1.0}",0.8644578313253012,0.9656626506024096,0.9766566265060241,0.9355923694779117,0.05049956280458416,28
0.6652131080627441,0.13165386256925135,0.03350694974263509,0.014061636122857926,1.0,0.01,5,100,35.57142857142857,0.8,"{'colsample_bytree': 1.0, 'learning_rate': 0.01, 'max_depth': 5, 'n_estimators': 100, 'scale_pos_weight': np.float64(35.57142857142857), 'subsample': 0.8}",0.9259036144578313,0.963855421686747,0.9683734939759037,0.952710843373494,0.019045102360888255,4
0.698732058207194,0.22522342995186187,0.01520538330078125,0.002776735701085967,1.0,0.01,5,100,35.57142857142857,1.0,"{'colsample_bytree': 1.0, 'learning_rate': 0.01, 'max_depth': 5, 'n_estimators': 100, 'scale_pos_weight': np.float64(35.57142857142857), 'subsample': 1.0}",0.8644578313253012,0.9668674698795181,0.9706325301204819,0.9339859437751005,0.049187821902570324,32
0.9674212137858073,0.22023585472275717,0.021628300348917644,0.008110306188749668,1.0,0.01,5,200,35.57142857142857,0.8,"{'colsample_bytree': 1.0, 'learning_rate': 0.01, 'max_depth': 5, 'n_estimators': 200, 'scale_pos_weight': np.float64(35.57142857142857), 'subsample': 0.8}",0.9216867469879518,0.963855421686747,0.9683734939759037,0.9513052208835342,0.02102448954957021,6
0.9411516984303793,0.19231617899166512,0.013240337371826172,0.0018451111812500902,1.0,0.01,5,200,35.57142857142857,1.0,"{'colsample_bytree': 1.0, 'learning_rate': 0.01, 'max_depth': 5, 'n_estimators': 200, 'scale_pos_weight': np.float64(35.57142857142857), 'subsample': 1.0}",0.8620481927710844,0.9692771084337349,0.9706325301204819,0.9339859437751005,0.05087068118686889,32
0.28873570760091144,0.06755074423673588,0.03360756238301595,0.0142082785712104,1.0,0.01,7,50,35.57142857142857,0.8,"{'colsample_bytree': 1.0, 'learning_rate': 0.01, 'max_depth': 7, 'n_estimators': 50, 'scale_pos_weight': np.float64(35.57142857142857), 'subsample': 0.8}",0.9271084337349398,0.963855421686747,0.9623493975903614,0.9511044176706828,0.016978858637102173,7
0.23334328333536783,0.08044084509523883,0.011833826700846354,0.0006251577417402624,1.0,0.01,7,50,35.57142857142857,1.0,"{'colsample_bytree': 1.0, 'learning_rate': 0.01, 'max_depth': 7, 'n_estimators': 50, 'scale_pos_weight': np.float64(35.57142857142857), 'subsample': 1.0}",0.8644578313253012,0.9753012048192772,0.9706325301204819,0.93679718875502,0.051187147513604515,25
0.4043881098429362,0.13915078766859482,0.02754982312520345,0.02060969874497812,1.0,0.01,7,100,35.57142857142857,0.8,"{'colsample_bytree': 1.0, 'learning_rate': 0.01, 'max_depth': 7, 'n_estimators': 100, 'scale_pos_weight': np.float64(35.57142857142857), 'subsample': 0.8}",0.9259036144578313,0.9626506024096385,0.9668674698795181,0.9518072289156626,0.0183973444514801,5
0.3838135401407878,0.061735578981432455,0.015285809834798178,0.002187989200013048,1.0,0.01,7,100,35.57142857142857,1.0,"{'colsample_bytree': 1.0, 'learning_rate': 0.01, 'max_depth': 7, 'n_estimators': 100, 'scale_pos_weight': np.float64(35.57142857142857), 'subsample': 1.0}",0.8644578313253012,0.9746987951807229,0.9706325301204819,0.9365963855421686,0.051036665782291456,26
0.8942440350850424,0.10853933729796744,0.016115427017211914,0.0008108315480496854,1.0,0.01,7,200,35.57142857142857,0.8,"{'colsample_bytree': 1.0, 'learning_rate': 0.01, 'max_depth': 7, 'n_estimators': 200, 'scale_pos_weight': np.float64(35.57142857142857), 'subsample': 0.8}",0.9216867469879518,0.96144578313253,0.9683734939759037,0.9505020080321286,0.020570816645033546,9
1.2829504013061523,0.2977218394916142,0.014516909917195639,0.00041045849416273595,1.0,0.01,7,200,35.57142857142857,1.0,"{'colsample_bytree': 1.0, 'learning_rate': 0.01, 'max_depth': 7, 'n_estimators': 200, 'scale_pos_weight': np.float64(35.57142857142857), 'subsample': 1.0}",0.8620481927710844,0.9716867469879518,0.9721385542168675,0.9352911646586346,0.051790930548590415,29
0.2218013604482015,0.07531183286166057,0.016896486282348633,0.001058462622747839,1.0,0.1,3,50,35.57142857142857,0.8,"{'colsample_bytree': 1.0, 'learning_rate': 0.1, 'max_depth': 3, 'n_estimators': 50, 'scale_pos_weight': np.float64(35.57142857142857), 'subsample': 0.8}",0.8777108433734939,0.953012048192771,0.9593373493975903,0.9300200803212851,0.03707824664479197,38
0.2727990945180257,0.08165259786201319,0.021285136540730793,0.009363367861854717,1.0,0.1,3,50,35.57142857142857,1.0,"{'colsample_bytree': 1.0, 'learning_rate': 0.1, 'max_depth': 3, 'n_estimators': 50, 'scale_pos_weight': np.float64(35.57142857142857), 'subsample': 1.0}",0.8734939759036144,0.9722891566265061,0.9668674698795181,0.9375502008032129,0.045348639326052306,22
0.28839747111002606,0.10495222509273584,0.014489412307739258,0.000786927045946126,1.0,0.1,3,100,35.57142857142857,0.8,"{'colsample_bytree': 1.0, 'learning_rate': 0.1, 'max_depth': 3, 'n_estimators': 100, 'scale_pos_weight': np.float64(35.57142857142857), 'subsample': 0.8}",0.7939759036144578,0.9578313253012049,0.8855421686746988,0.8791164658634538,0.06704782893079266,69
0.2587746779123942,0.07971799006306633,0.025435129801432293,0.017418298675384962,1.0,0.1,3,100,35.57142857142857,1.0,"{'colsample_bytree': 1.0, 'learning_rate': 0.1, 'max_depth': 3, 'n_estimators': 100, 'scale_pos_weight': np.float64(35.57142857142857), 'subsample': 1.0}",0.8240963855421687,0.974698795180723,0.9262048192771084,0.9083333333333333,0.06276843131497255,50
0.4111340045928955,0.14883187284208793,0.014580090840657553,0.0010995114629343212,1.0,0.1,3,200,35.57142857142857,0.8,"{'colsample_bytree': 1.0, 'learning_rate': 0.1, 'max_depth': 3, 'n_estimators': 200, 'scale_pos_weight': np.float64(35.57142857142857), 'subsample': 0.8}",0.7542168674698795,0.9650602409638555,0.8358433734939759,0.8517068273092369,0.0868042583893661,100
0.47600515683492023,0.1226059925551966,0.016724586486816406,0.0032967275379966964,1.0,0.1,3,200,35.57142857142857,1.0,"{'colsample_bytree': 1.0, 'learning_rate': 0.1, 'max_depth': 3, 'n_estimators': 200, 'scale_pos_weight': np.float64(35.57142857142857), 'subsample': 1.0}",0.7457831325301205,0.9783132530120482,0.9021084337349398,0.8754016064257027,0.09679016892752762,73
0.26531322797139484,0.05847634711281053,0.039663235346476235,0.018631051771433087,1.0,0.1,5,50,35.57142857142857,0.8,"{'colsample_bytree': 1.0, 'learning_rate': 0.1, 'max_depth': 5, 'n_estimators': 50, 'scale_pos_weight': np.float64(35.57142857142857), 'subsample': 0.8}",0.8999999999999999,0.9602409638554217,0.9713855421686747,0.9438755020080322,0.03135650027014796,13
0.1839327017466227,0.020118319375173565,0.015178839365641275,0.0006073824347825586,1.0,0.1,5,50,35.57142857142857,1.0,"{'colsample_bytree': 1.0, 'learning_rate': 0.1, 'max_depth': 5, 'n_estimators': 50, 'scale_pos_weight': np.float64(35.57142857142857), 'subsample': 1.0}",0.8722891566265061,0.9674698795180723,0.9653614457831325,0.9350401606425702,0.04438000865233308,30
0.33271972338358563,0.10034482623019321,0.027184565862019856,0.017027218593141033,1.0,0.1,5,100,35.57142857142857,0.8,"{'colsample_bytree': 1.0, 'learning_rate': 0.1, 'max_depth': 5, 'n_estimators': 100, 'scale_pos_weight': np.float64(35.57142857142857), 'subsample': 0.8}",0.7879518072289157,0.9638554216867469,0.9231927710843374,0.8916666666666666,0.07519282696129882,56
0.400295893351237,0.0889918421815617,0.025842587153116863,0.016295164571131615,1.0,0.1,5,100,35.57142857142857,1.0,"{'colsample_bytree': 1.0, 'learning_rate': 0.1, 'max_depth': 5, 'n_estimators': 100, 'scale_pos_weight': np.float64(35.57142857142857), 'subsample': 1.0}",0.8096385542168675,0.9674698795180723,0.9322289156626506,0.9031124497991968,0.06764371490817132,51
0.33239006996154785,0.03102185896941429,0.013796647389729818,0.001339772089997252,1.0,0.1,5,200,35.57142857142857,0.8,"{'colsample_bytree': 1.0, 'learning_rate': 0.1, 'max_depth': 5, 'n_estimators': 200, 'scale_pos_weight': np.float64(35.57142857142857), 'subsample': 0.8}",0.7578313253012048,0.9722891566265061,0.8960843373493976,0.875401606425703,0.08876512781129879,72
0.46739768981933594,0.10637020884124804,0.03641017278035482,0.018681210162620615,1.0,0.1,5,200,35.57142857142857,1.0,"{'colsample_bytree': 1.0, 'learning_rate': 0.1, 'max_depth': 5, 'n_estimators': 200, 'scale_pos_weight': np.float64(35.57142857142857), 'subsample': 1.0}",0.7385542168674699,0.9722891566265061,0.9006024096385542,0.8704819277108434,0.09776992751593995,81
0.20165467262268066,0.09734966978819064,0.016635735829671223,0.009059423007833934,1.0,0.1,7,50,35.57142857142857,0.8,"{'colsample_bytree': 1.0, 'learning_rate': 0.1, 'max_depth': 7, 'n_estimators': 50, 'scale_pos_weight': np.float64(35.57142857142857), 'subsample': 0.8}",0.8999999999999999,0.9626506024096385,0.9683734939759037,0.9436746987951808,0.030970925700374016,14
0.2032334804534912,0.054096055591195076,0.01245737075805664,0.0003361013693727232,1.0,0.1,7,50,35.57142857142857,1.0,"{'colsample_bytree': 1.0, 'learning_rate': 0.1, 'max_depth': 7, 'n_estimators': 50, 'scale_pos_weight': np.float64(35.57142857142857), 'subsample': 1.0}",0.8722891566265061,0.9662650602409639,0.9728915662650601,0.9371485943775101,0.04594226554095995,23
0.24510995546976724,0.04480674485313026,0.01166860262552897,0.00010449179117168696,1.0,0.1,7,100,35.57142857142857,0.8,"{'colsample_bytree': 1.0, 'learning_rate': 0.1, 'max_depth': 7, 'n_estimators': 100, 'scale_pos_weight': np.float64(35.57142857142857), 'subsample': 0.8}",0.7879518072289157,0.9626506024096385,0.9021084337349398,0.8842369477911647,0.07243139175237005,65
0.42475565274556476,0.13183816796626474,0.021960099538167317,0.013760895606844034,1.0,0.1,7,100,35.57142857142857,1.0,"{'colsample_bytree': 1.0, 'learning_rate': 0.1, 'max_depth': 7, 'n_estimators': 100, 'scale_pos_weight': np.float64(35.57142857142857), 'subsample': 1.0}",0.8096385542168675,0.9686746987951808,0.9653614457831325,0.9145582329317269,0.07420174592556189,48
0.4633248647054036,0.15487592115251433,0.020053625106811523,0.00790242230102942,1.0,0.1,7,200,35.57142857142857,0.8,"{'colsample_bytree': 1.0, 'learning_rate': 0.1, 'max_depth': 7, 'n_estimators': 200, 'scale_pos_weight': np.float64(35.57142857142857), 'subsample': 0.8}",0.7578313253012048,0.9746987951807229,0.8659638554216867,0.8661646586345381,0.0885358876931972,84
0.5558144251505533,0.18365826438434618,0.031624158223470054,0.015025006396687935,1.0,0.1,7,200,35.57142857142857,1.0,"{'colsample_bytree': 1.0, 'learning_rate': 0.1, 'max_depth': 7, 'n_estimators': 200, 'scale_pos_weight': np.float64(35.57142857142857), 'subsample': 1.0}",0.7385542168674699,0.9710843373493976,0.9548192771084337,0.8881526104417671,0.1059902434697593,63
0.1457219918568929,0.04213615262594989,0.012356440226236979,0.0012822080301621878,1.0,0.3,3,50,35.57142857142857,0.8,"{'colsample_bytree': 1.0, 'learning_rate': 0.3, 'max_depth': 3, 'n_estimators': 50, 'scale_pos_weight': np.float64(35.57142857142857), 'subsample': 0.8}",0.8180722891566264,0.9530120481927711,0.8795180722891566,0.8835341365461846,0.05516207163906874,66
0.09918347994486491,0.010932277334949213,0.012729644775390625,0.0013945780348099785,1.0,0.3,3,50,35.57142857142857,1.0,"{'colsample_bytree': 1.0, 'learning_rate': 0.3, 'max_depth': 3, 'n_estimators': 50, 'scale_pos_weight': np.float64(35.57142857142857), 'subsample': 1.0}",0.791566265060241,0.974698795180723,0.8478915662650602,0.8713855421686748,0.0765870140206638,79
0.22885727882385254,0.06515151384217006,0.041265249252319336,0.020095306822637597,1.0,0.3,3,100,35.57142857142857,0.8,"{'colsample_bytree': 1.0, 'learning_rate': 0.3, 'max_depth': 3, 'n_estimators': 100, 'scale_pos_weight': np.float64(35.57142857142857), 'subsample': 0.8}",0.7951807228915664,0.9602409638554217,0.8900602409638554,0.8818273092369479,0.06763656141652202,67
0.14018400510152182,0.012442196239138672,0.01392507553100586,0.0011875641790323713,1.0,0.3,3,100,35.57142857142857,1.0,"{'colsample_bytree': 1.0, 'learning_rate': 0.3, 'max_depth': 3, 'n_estimators': 100, 'scale_pos_weight': np.float64(35.57142857142857), 'subsample': 1.0}",0.7506024096385543,0.9795180722891567,0.8222891566265061,0.8508032128514057,0.0956046850438082,101
0.3055869738260905,0.08116682531676506,0.011985143025716146,0.0005096562210128287,1.0,0.3,3,200,35.57142857142857,0.8,"{'colsample_bytree': 1.0, 'learning_rate': 0.3, 'max_depth': 3, 'n_estimators': 200, 'scale_pos_weight': np.float64(35.57142857142857), 'subsample': 0.8}",0.7987951807228916,0.9674698795180723,0.911144578313253,0.8924698795180723,0.07011584121879676,55
0.3295162518819173,0.12515646568263336,0.03249994913736979,0.027899155031911333,1.0,0.3,3,200,35.57142857142857,1.0,"{'colsample_bytree': 1.0, 'learning_rate': 0.3, 'max_depth': 3, 'n_estimators': 200, 'scale_pos_weight': np.float64(35.57142857142857), 'subsample': 1.0}",0.7506024096385543,0.9795180722891567,0.8147590361445783,0.8482931726907631,0.09641576249802976,104
0.14475289980570474,0.03626467946560061,0.030089855194091797,0.013673115541612343,1.0,0.3,5,50,35.57142857142857,0.8,"{'colsample_bytree': 1.0, 'learning_rate': 0.3, 'max_depth': 5, 'n_estimators': 50, 'scale_pos_weight': np.float64(35.57142857142857), 'subsample': 0.8}",0.7686746987951808,0.963855421686747,0.9051204819277109,0.8792168674698795,0.08176032688536888,68
0.16091354688008627,0.021287975616472957,0.01491848627726237,0.003072685420492017,1.0,0.3,5,50,35.57142857142857,1.0,"{'colsample_bytree': 1.0, 'learning_rate': 0.3, 'max_depth': 5, 'n_estimators': 50, 'scale_pos_weight': np.float64(35.57142857142857), 'subsample': 1.0}",0.7855421686746987,0.9626506024096386,0.875,0.8743975903614457,0.07230547004683378,76
0.20489986737569174,0.04157309669000401,0.019136349360148113,0.0010544457887000276,1.0,0.3,5,100,35.57142857142857,0.8,"{'colsample_bytree': 1.0, 'learning_rate': 0.3, 'max_depth': 5, 'n_estimators': 100, 'scale_pos_weight': np.float64(35.57142857142857), 'subsample': 0.8}",0.7698795180722892,0.9650602409638555,0.9442771084337349,0.8930722891566264,0.08752267814694123,53
0.39760597546895343,0.023275306435738965,0.038284858067830406,0.01868272871889494,1.0,0.3,5,100,35.57142857142857,1.0,"{'colsample_bytree': 1.0, 'learning_rate': 0.3, 'max_depth': 5, 'n_estimators': 100, 'scale_pos_weight': np.float64(35.57142857142857), 'subsample': 1.0}",0.7433734939759037,0.9662650602409639,0.8734939759036144,0.8610441767068272,0.09141994932928361,89
0.3077687422434489,0.015056241126860069,0.019129435221354168,0.0050001006825802045,1.0,0.3,5,200,35.57142857142857,0.8,"{'colsample_bytree': 1.0, 'learning_rate': 0.3, 'max_depth': 5, 'n_estimators': 200, 'scale_pos_weight': np.float64(35.57142857142857), 'subsample': 0.8}",0.7614457831325302,0.9686746987951808,0.9352409638554217,0.8884538152610442,0.09083954288331249,62
0.43126503626505536,0.07691247141574757,0.014497518539428711,0.0006331040352342216,1.0,0.3,5,200,35.57142857142857,1.0,"{'colsample_bytree': 1.0, 'learning_rate': 0.3, 'max_depth': 5, 'n_estimators': 200, 'scale_pos_weight': np.float64(35.57142857142857), 'subsample': 1.0}",0.7445783132530122,0.9674698795180723,0.881024096385542,0.8643574297188755,0.09175509399612373,85
0.17726937929789224,0.046995750136682383,0.014616250991821289,0.000842224578511796,1.0,0.3,7,50,35.57142857142857,0.8,"{'colsample_bytree': 1.0, 'learning_rate': 0.3, 'max_depth': 7, 'n_estimators': 50, 'scale_pos_weight': np.float64(35.57142857142857), 'subsample': 0.8}",0.7686746987951808,0.9698795180722892,0.9292168674698795,0.8892570281124499,0.08686555280503758,61
0.19775636990865073,0.031674195899760976,0.022157907485961914,0.008243582670387084,1.0,0.3,7,50,35.57142857142857,1.0,"{'colsample_bytree': 1.0, 'learning_rate': 0.3, 'max_depth': 7, 'n_estimators': 50, 'scale_pos_weight': np.float64(35.57142857142857), 'subsample': 1.0}",0.7855421686746987,0.9602409638554217,0.8795180722891567,0.8751004016064258,0.0713888605693953,74
0.20322680473327637,0.035941339770729865,0.022295395533243816,0.011773349272210899,1.0,0.3,7,100,35.57142857142857,0.8,"{'colsample_bytree': 1.0, 'learning_rate': 0.3, 'max_depth': 7, 'n_estimators': 100, 'scale_pos_weight': np.float64(35.57142857142857), 'subsample': 0.8}",0.7698795180722892,0.9686746987951806,0.9472891566265059,0.895281124497992,0.08910109435943041,52
0.21703791618347168,0.07412972700922975,0.021764278411865234,0.012601184578282848,1.0,0.3,7,100,35.57142857142857,1.0,"{'colsample_bytree': 1.0, 'learning_rate': 0.3, 'max_depth': 7, 'n_estimators': 100, 'scale_pos_weight': np.float64(35.57142857142857), 'subsample': 1.0}",0.7433734939759037,0.963855421686747,0.8795180722891566,0.8622489959839358,0.0908358807927757,88
0.39610759417215985,0.06399090151890775,0.02562848726908366,0.0068847500423190894,1.0,0.3,7,200,35.57142857142857,0.8,"{'colsample_bytree': 1.0, 'learning_rate': 0.3, 'max_depth': 7, 'n_estimators': 200, 'scale_pos_weight': np.float64(35.57142857142857), 'subsample': 0.8}",0.7614457831325302,0.9710843373493976,0.9397590361445783,0.8907630522088353,0.0923310553927489,58
0.4119606018066406,0.08845384461002878,0.018094380696614582,0.003185040608838449,1.0,0.3,7,200,35.57142857142857,1.0,"{'colsample_bytree': 1.0, 'learning_rate': 0.3, 'max_depth': 7, 'n_estimators': 200, 'scale_pos_weight': np.float64(35.57142857142857), 'subsample': 1.0}",0.7445783132530122,0.9674698795180723,0.8659638554216867,0.8593373493975904,0.09111566098312797,90
